fetched_at,source,category,reliability,published_at,title,link,tickers,tags,trigger_score,status
2026-07-06T06:34:03+00:00,MarketWatch Top Stories,market_news,2,2026-07-05T22:30:00+00:00,OPEC+ raises output levels again despite tumbling crude prices,https://www.marketwatch.com/story/opec-raises-output-levels-again-despite-tumbling-crude-prices-534791c8?mod=mw_rss_topstories,,ai;funding;guidance,0.75,candidate
2026-07-06T06:34:03+00:00,SEC Current 8-K,filings,3,2026-07-02T17:26:58-04:00,8-K - Chiron Real Estate Inc. (0001533615) (Filer),https://www.sec.gov/Archives/edgar/data/1533615/000110465926080436/0001104659-26-080436-index.htm,,mna,0.60,candidate
2026-07-06T06:34:03+00:00,SEC Current 8-K,filings,3,2026-07-02T17:25:27-04:00,8-K - Akari Therapeutics Plc (0001541157) (Filer),https://www.sec.gov/Archives/edgar/data/1541157/000149315226031972/0001493152-26-031972-index.htm,,regulatory,0.60,candidate
2026-07-06T06:34:03+00:00,SEC Current 8-K,filings,3,2026-07-02T17:25:16-04:00,"8-K - Beeline Holdings, Inc. (0001534708) (Filer)",https://www.sec.gov/Archives/edgar/data/1534708/000149315226031971/0001493152-26-031971-index.htm,,regulatory,0.60,candidate
2026-07-06T06:34:03+00:00,SEC Current 8-K,filings,3,2026-07-02T17:21:41-04:00,8-K - MV Oil Trust (0001371782) (Filer),https://www.sec.gov/Archives/edgar/data/1371782/000110465926080431/0001104659-26-080431-index.htm,,earnings,0.60,candidate
2026-07-06T06:34:03+00:00,SEC Current 8-K,filings,3,2026-07-02T17:15:20-04:00,8-K - Avalon GloboCare Corp. (0001630212) (Filer),https://www.sec.gov/Archives/edgar/data/1630212/000121390026075090/0001213900-26-075090-index.htm,,regulatory,0.60,candidate
2026-07-06T06:34:03+00:00,PR Newswire,press_releases,2,2026-07-06T04:00:00+00:00,Hexagon Agility receives significant order from Certarus for Mobile Pipeline modules to service data center demand,https://www.prnewswire.com/news-releases/hexagon-agility-receives-significant-order-from-certarus-for-mobile-pipeline-modules-to-service-data-center-demand-302818099.html,,ai;backlog_orders,0.60,candidate
2026-07-06T06:34:03+00:00,GlobeNewswire Earnings,press_releases,2,2026-07-06T05:05:00+00:00,Myricx Bio to be Acquired by Novartis to Advance Next-Generation ADC Payloads for Oncology with Novel NMTi Platform,https://www.globenewswire.com/news-release/2026/07/06/3322139/0/en/Myricx-Bio-to-be-Acquired-by-Novartis-to-Advance-Next-Generation-ADC-Payloads-for-Oncology-with-Novel-NMTi-Platform.html,,earnings;mna,0.60,candidate
2026-07-06T06:34:03+00:00,GlobeNewswire Earnings,press_releases,2,2026-07-03T16:40:00+00:00,"Kraken Robotics annonce la clôture de l’opération d’acquisition stratégique de Covelya Group Limited, révise ses prévisions 2026 et renforce son équipe de direction",https://www.globenewswire.com/news-release/2026/07/03/3321945/0/fr/Kraken-Robotics-annonce-la-cl%C3%B4ture-de-l-op%C3%A9ration-d-acquisition-strat%C3%A9gique-de-Covelya-Group-Limited-r%C3%A9vise-ses-pr%C3%A9visions-2026-et-renforce-son-%C3%A9quipe-de-direction.html,,capex;mna,0.60,candidate
2026-07-06T06:34:03+00:00,GlobeNewswire Company News,press_releases,2,2026-07-06T06:01:00+00:00,Invitation to HMS Networks’ second quarter conference call 2026,https://www.globenewswire.com/news-release/2026/07/06/3322154/0/en/Invitation-to-HMS-Networks-second-quarter-conference-call-2026.html,,earnings;regulatory,0.60,candidate
2026-07-06T06:34:03+00:00,MarketWatch MarketPulse,market_news,2,2025-02-06T13:34:00+00:00,U.S. productivity slows down in fourth quarter while unit labor costs accelerate,https://www.marketwatch.com/story/u-s-productivity-slows-down-in-fourth-quarter-while-unit-labor-costs-accelerate-3c2b9092?mod=mw_rss_marketpulse,,cost_pressure;earnings,0.60,candidate
2026-07-06T06:34:03+00:00,MarketWatch MarketPulse,market_news,2,2024-10-28T07:08:00+00:00,Trainline boosts guidance for the second time this year,https://www.marketwatch.com/story/trainline-boosts-guidance-for-the-second-time-this-year-513373f6?mod=mw_rss_marketpulse,,guidance;regulatory,0.60,candidate
2026-07-06T06:34:03+00:00,PR Newswire,press_releases,2,2026-07-06T05:56:00+00:00,MSFT Investors Have Opportunity to Lead Microsoft Corporation Securities Fraud Lawsuit,https://www.prnewswire.com/news-releases/msft-investors-have-opportunity-to-lead-microsoft-corporation-securities-fraud-lawsuit-302818042.html,MSFT,regulatory,0.57,candidate
2026-07-06T06:34:03+00:00,SEC Current 8-K,filings,3,2026-07-02T17:29:10-04:00,8-K - AppTech Payments Corp. (0001070050) (Filer),https://www.sec.gov/Archives/edgar/data/1070050/000168316826005262/0001683168-26-005262-index.htm,,,0.45,candidate
2026-07-06T06:34:03+00:00,SEC Current 8-K,filings,3,2026-07-02T17:28:57-04:00,"8-K - Seer, Inc. (0001726445) (Filer)",https://www.sec.gov/Archives/edgar/data/1726445/000119312526294994/0001193125-26-294994-index.htm,,,0.45,candidate
2026-07-06T06:34:03+00:00,SEC Current 8-K,filings,3,2026-07-02T17:28:19-04:00,"8-K - Picard Medical, Inc. (0002030617) (Filer)",https://www.sec.gov/Archives/edgar/data/2030617/000143774926022589/0001437749-26-022589-index.htm,,,0.45,candidate
2026-07-06T06:34:03+00:00,SEC Current 8-K,filings,3,2026-07-02T17:28:17-04:00,8-K - Bluerock Private Real Estate Fund (0001551047) (Filer),https://www.sec.gov/Archives/edgar/data/1551047/000139834426011663/0001398344-26-011663-index.htm,,,0.45,candidate
2026-07-06T06:34:03+00:00,SEC Current 8-K,filings,3,2026-07-02T17:25:00-04:00,8-K - Fatpipe Inc/UT (0001993400) (Filer),https://www.sec.gov/Archives/edgar/data/1993400/000149315226031970/0001493152-26-031970-index.htm,,,0.45,candidate
2026-07-06T06:34:03+00:00,SEC Current 8-K,filings,3,2026-07-02T17:24:22-04:00,8-K - Terra Innovatum Global N.V. (0002067627) (Filer),https://www.sec.gov/Archives/edgar/data/2067627/000121390026075104/0001213900-26-075104-index.htm,,,0.45,candidate
2026-07-06T06:34:03+00:00,SEC Current 8-K,filings,3,2026-07-02T17:24:18-04:00,"8-K - Core & Main, Inc. (0001856525) (Filer)",https://www.sec.gov/Archives/edgar/data/1856525/000119312526294978/0001193125-26-294978-index.htm,,,0.45,candidate
2026-07-06T06:34:03+00:00,SEC Current 8-K,filings,3,2026-07-02T17:17:29-04:00,"8-K - LIFECORE BIOMEDICAL, INC. \DE\ (0001005286) (Filer)",https://www.sec.gov/Archives/edgar/data/1005286/000100528626000026/0001005286-26-000026-index.htm,,,0.45,candidate
2026-07-06T06:34:03+00:00,SEC Current 8-K,filings,3,2026-07-02T17:16:02-04:00,"8-K - Nixxy, Inc. (0001462223) (Filer)",https://www.sec.gov/Archives/edgar/data/1462223/000168316826005261/0001683168-26-005261-index.htm,,,0.45,candidate
2026-07-06T06:34:03+00:00,SEC Current 8-K,filings,3,2026-07-02T17:15:31-04:00,"8-K - NEXGEL, INC. (0001468929) (Filer)",https://www.sec.gov/Archives/edgar/data/1468929/000149315226031962/0001493152-26-031962-index.htm,,,0.45,candidate
2026-07-06T06:34:03+00:00,SEC Current 8-K,filings,3,2026-07-02T17:15:31-04:00,"8-K - 22nd Century Group, Inc. (0001347858) (Filer)",https://www.sec.gov/Archives/edgar/data/1347858/000149315226031964/0001493152-26-031964-index.htm,,,0.45,candidate
2026-07-06T06:34:03+00:00,SEC Current 8-K,filings,3,2026-07-02T17:15:30-04:00,8-K - CALLAN JMB INC. (0002032545) (Filer),https://www.sec.gov/Archives/edgar/data/2032545/000149315226031963/0001493152-26-031963-index.htm,,,0.45,candidate
2026-07-06T06:34:03+00:00,SEC Current 8-K,filings,3,2026-07-02T17:15:12-04:00,"8-K - PROCORE TECHNOLOGIES, INC. (0001611052) (Filer)",https://www.sec.gov/Archives/edgar/data/1611052/000119312526294952/0001193125-26-294952-index.htm,,,0.45,candidate
2026-07-06T06:34:03+00:00,SEC Current 8-K,filings,3,2026-07-02T17:14:19-04:00,"8-K - SOUNDHOUND AI, INC. (0001840856) (Filer)",https://www.sec.gov/Archives/edgar/data/1840856/000121390026075086/0001213900-26-075086-index.htm,,,0.45,candidate
2026-07-06T06:34:03+00:00,SEC Current 8-K,filings,3,2026-07-02T17:14:03-04:00,8-K - LIVEPERSON INC (0001102993) (Filer),https://www.sec.gov/Archives/edgar/data/1102993/000119312526294943/0001193125-26-294943-index.htm,,,0.45,candidate
2026-07-06T06:34:03+00:00,Yahoo Finance,market_news,2,2026-07-04T19:15:42Z,Travel Headwinds Result In Attractive Valuation For Global Payments (GPN) Stocks,https://finance.yahoo.com/markets/stocks/articles/travel-headwinds-result-attractive-valuation-191542312.html,,funding,0.45,candidate
2026-07-06T06:34:03+00:00,Yahoo Finance,market_news,2,2026-07-05T02:24:17Z,Firefly Aerospace (FLY) Announces Strategic Acquisition of Space-ng,https://finance.yahoo.com/markets/stocks/articles/firefly-aerospace-fly-announces-strategic-022417106.html,,mna,0.45,candidate
2026-07-06T06:34:03+00:00,PR Newswire,press_releases,2,2026-07-06T06:03:00+00:00,NNOX Investors Have Opportunity to Lead Nano-X Imaging Ltd. Securities Fraud Lawsuit,https://www.prnewswire.com/news-releases/nnox-investors-have-opportunity-to-lead-nano-x-imaging-ltd-securities-fraud-lawsuit-302818054.html,,regulatory,0.45,candidate
2026-07-06T06:34:03+00:00,PR Newswire,press_releases,2,2026-07-06T05:00:00+00:00,H.I.G. Capital signe un accord définitif en vue de l'acquisition de TERRAS,https://www.prnewswire.com/news-releases/hig-capital-signe-un-accord-definitif-en-vue-de-lacquisition-de-terras-302817941.html,,mna,0.45,candidate
2026-07-06T06:34:03+00:00,PR Newswire,press_releases,2,2026-07-06T05:00:00+00:00,H.I.G. Capital Signs Definitive Agreement to Acquire TERRAS,https://www.prnewswire.com/news-releases/hig-capital-signs-definitive-agreement-to-acquire-terras-302817611.html,,mna,0.45,candidate
2026-07-06T06:34:03+00:00,PR Newswire,press_releases,2,2026-07-06T05:00:00+00:00,H.I.G. Capital Signs Definitive Agreement to Acquire TERRAS,https://www.prnewswire.com/news-releases/hig-capital-signs-definitive-agreement-to-acquire-terras-302817606.html,,mna,0.45,candidate
2026-07-06T06:34:03+00:00,PR Newswire,press_releases,2,2026-07-06T03:07:00+00:00,"MGI Tech and Shanghai AI Laboratory Unveil ProtoPilot and BioLab Bench, Pioneering Physical AI for Life Sciences",https://www.prnewswire.com/news-releases/mgi-tech-and-shanghai-ai-laboratory-unveil-protopilot-and-biolab-bench-pioneering-physical-ai-for-life-sciences-302818081.html,,ai,0.45,candidate
2026-07-06T06:34:03+00:00,GlobeNewswire Earnings,press_releases,2,2026-07-06T05:08:00+00:00,Brandon Capital Announces Agreement for Novartis to Acquire Portfolio Company Myricx Bio to Advance New Class of Cancer Therapeutics,https://www.globenewswire.com/news-release/2026/07/06/3322140/0/en/Brandon-Capital-Announces-Agreement-for-Novartis-to-Acquire-Portfolio-Company-Myricx-Bio-to-Advance-New-Class-of-Cancer-Therapeutics.html,,mna,0.45,candidate
2026-07-06T06:34:03+00:00,GlobeNewswire Earnings,press_releases,2,2026-07-06T05:00:00+00:00,"Novartis agrees to acquire Myricx Bio, advancing next-generation antibody-drug conjugate innovation with a novel NMTi payload, expanding options for cancer patients",https://www.globenewswire.com/news-release/2026/07/06/3322135/0/en/Novartis-agrees-to-acquire-Myricx-Bio-advancing-next-generation-antibody-drug-conjugate-innovation-with-a-novel-NMTi-payload-expanding-options-for-cancer-patients.html,,mna,0.45,candidate
2026-07-06T06:34:03+00:00,GlobeNewswire Earnings,press_releases,2,2026-07-03T22:00:00+00:00,Canfor completes acquisition of Calgary-based PinkWood Ltd.,https://www.globenewswire.com/news-release/2026/07/03/3321991/0/en/Canfor-completes-acquisition-of-Calgary-based-PinkWood-Ltd.html,,mna,0.45,candidate
2026-07-06T06:34:03+00:00,GlobeNewswire Earnings,press_releases,2,2026-07-03T12:30:00+00:00,Critical Metals Corp. Provides Update on Proposed Acquisition of European Lithium,https://www.globenewswire.com/news-release/2026/07/03/3321826/0/en/Critical-Metals-Corp-Provides-Update-on-Proposed-Acquisition-of-European-Lithium.html,,mna,0.45,candidate
2026-07-06T06:34:03+00:00,GlobeNewswire Company News,press_releases,2,2026-07-06T06:05:00+00:00,Share repurchase programme: Transactions of week 27 2026,https://www.globenewswire.com/news-release/2026/07/06/3322155/0/en/Share-repurchase-programme-Transactions-of-week-27-2026.html,,mna,0.45,candidate
2026-07-06T06:34:03+00:00,GlobeNewswire Company News,press_releases,2,2026-07-06T06:00:00+00:00,Chris Figee to leave KPN and join ASM as CFO,https://www.globenewswire.com/news-release/2026/07/06/3322148/0/en/Chris-Figee-to-leave-KPN-and-join-ASM-as-CFO.html,,management,0.45,candidate
2026-07-06T06:34:03+00:00,MarketWatch Top Stories,market_news,2,2026-07-05T13:03:00+00:00,Hybrids are the breakout star of the U.S. car market as EV demand fades,https://www.marketwatch.com/story/hybrids-are-the-breakout-star-of-the-u-s-car-market-as-ev-demand-fades-96dce1c3?mod=mw_rss_topstories,,backlog_orders,0.45,candidate
2026-07-06T06:34:03+00:00,MarketWatch MarketPulse,market_news,2,2024-11-13T13:52:00+00:00,Charter Communications announces buyout deal for Liberty Broadband at terms above its previous proposal,https://www.marketwatch.com/story/charter-communications-announces-buyout-deal-for-liberty-broadband-at-terms-above-its-previous-proposal-552f7acd?mod=mw_rss_marketpulse,,mna,0.45,candidate
2026-07-06T06:34:03+00:00,MarketWatch MarketPulse,market_news,2,2024-11-05T08:39:00+00:00,Vestas Wind Systems stock slumps as company says margins to be at low end of guidance,https://www.marketwatch.com/story/vestas-wind-systems-stock-slumps-as-company-says-margins-to-be-at-low-end-of-guidance-a33bf5c4?mod=mw_rss_marketpulse,,guidance,0.45,candidate
2026-07-06T06:34:03+00:00,MarketWatch MarketPulse,market_news,2,2024-11-01T07:36:00+00:00,Kazatomprom reports 17% increase in production during the third quarter,https://www.marketwatch.com/story/kazatomprom-reports-17-increase-in-production-during-the-third-quarter-68742d5c?mod=mw_rss_marketpulse,,earnings,0.45,candidate
2026-07-06T06:34:03+00:00,MarketWatch MarketPulse,market_news,2,2024-10-29T07:08:00+00:00,Novartis hikes sales and profit guidance for the year,https://www.marketwatch.com/story/novartis-hikes-sales-and-profit-guidance-for-the-year-eed24ebf?mod=mw_rss_marketpulse,,guidance,0.45,candidate
2026-07-06T06:34:03+00:00,MarketWatch MarketPulse,market_news,2,2024-10-28T07:14:00+00:00,Plus500 says it will meet expectations after quarterly revenue climbs 11%,https://www.marketwatch.com/story/plus500-says-it-will-meet-expectations-after-quarterly-revenue-climbs-11-b68b5ef1?mod=mw_rss_marketpulse,,earnings,0.45,candidate
2026-07-06T06:34:03+00:00,MarketWatch MarketPulse,market_news,2,2024-10-24T06:41:00+00:00,Barclays reports 18% profit rise as it lifts income guidance,https://www.marketwatch.com/story/barclays-reports-18-profit-rise-as-it-lifts-income-guidance-ceef3caf?mod=mw_rss_marketpulse,,guidance,0.45,candidate
2026-07-06T06:34:03+00:00,Yahoo Finance,market_news,2,2026-07-04T19:05:00Z,Meet the High-Yield Dividend Stock That's Quietly Crushing the S&P 500 and Nasdaq. Here's Why There's Plenty of Room to Run.,https://finance.yahoo.com/markets/stocks/articles/meet-high-yield-dividend-stock-190500710.html,QQQ,,0.42,candidate
2026-07-06T06:34:03+00:00,GlobeNewswire Earnings,press_releases,2,2026-07-03T12:59:00+00:00,Form 8.3 - Advanced Medical Solutions Group plc - Octopus Investments,https://www.globenewswire.com/news-release/2026/07/03/3321834/0/en/Form-8-3-Advanced-Medical-Solutions-Group-plc-Octopus-Investments.html,AMD,,0.42,candidate
2026-07-06T06:34:03+00:00,GlobeNewswire Earnings,press_releases,2,2026-07-03T11:44:00+00:00,Form 8.3 - Advanced Medical Solutions Group,https://www.globenewswire.com/news-release/2026/07/03/3321802/0/en/Form-8-3-Advanced-Medical-Solutions-Group.html,AMD,,0.42,candidate
2026-07-06T06:34:03+00:00,MarketWatch MarketPulse,market_news,2,2024-12-03T14:05:00+00:00,Amazon says it had best-ever Thanksgiving Holiday week with record sales and number of items sold,https://www.marketwatch.com/story/amazon-says-it-had-best-ever-thanksgiving-holiday-week-with-record-sales-and-number-of-items-sold-786e0143?mod=mw_rss_marketpulse,AMZN,,0.42,candidate
2026-07-06T06:34:03+00:00,Yahoo Finance,market_news,2,2026-07-04T19:01:38Z,Kevin O’ Leary Says Elon Musk Has No Problem Walking Away From You Mid Conversation If He’s Bored — ‘I've Never Met Anybody Like Him’,https://finance.yahoo.com/technology/articles/kevin-o-leary-says-elon-190138026.html,,,0.30,candidate
2026-07-06T06:34:03+00:00,Yahoo Finance,market_news,2,2026-07-04T19:15:06Z,Lincoln National Corporation (LNC) Is One Of The Top Extreme Value Stocks To Buy Now,https://finance.yahoo.com/markets/stocks/articles/lincoln-national-corporation-lnc-one-191506722.html,,,0.30,candidate
2026-07-06T06:34:03+00:00,Yahoo Finance,market_news,2,2026-07-04T19:14:25Z,Is Equitable Holdings (EQH) A Top Extreme Value Stock To Buy Now?,https://finance.yahoo.com/markets/stocks/articles/equitable-holdings-eqh-top-extreme-191425576.html,,,0.30,candidate
2026-07-06T06:34:03+00:00,Yahoo Finance,market_news,2,2026-07-04T19:14:57Z,Wall Street Pessimism Has Made Universal Health Services (UHS) Stock A Top Extreme Value Stock To Buy Now,https://finance.yahoo.com/healthcare/articles/wall-street-pessimism-made-universal-191457323.html,,,0.30,candidate
2026-07-06T06:34:03+00:00,Yahoo Finance,market_news,2,2026-07-04T19:15:33Z,Here’s Why Analysts Are Still Bullish On Alcoa Corp (AA) Stock Despite The Selloff,https://finance.yahoo.com/markets/stocks/articles/why-analysts-still-bullish-alcoa-191533264.html,,,0.30,candidate
2026-07-06T06:34:03+00:00,Yahoo Finance,market_news,2,2026-07-04T19:01:00Z,"Prediction: Micron Technology Stock Will Hit at Least $2,000 in 1 Year",https://finance.yahoo.com/markets/stocks/articles/prediction-micron-technology-stock-hit-190100041.html,,,0.30,candidate
2026-07-06T06:34:03+00:00,Yahoo Finance,market_news,2,2026-07-04T19:14:44Z,"Equinox Gold (EQX) Just Cleared A Major Roadblock, Is The Stock Ready To Skyrocket?",https://finance.yahoo.com/markets/stocks/articles/equinox-gold-eqx-just-cleared-191444301.html,,,0.30,candidate
2026-07-06T06:34:03+00:00,Yahoo Finance,market_news,2,2026-07-04T19:15:14Z,"Wall Street Is Losing Confidence In PVH Corp (PVH), Is The Stock A Buy?",https://finance.yahoo.com/markets/stocks/articles/wall-street-losing-confidence-pvh-191514572.html,,,0.30,candidate
2026-07-06T06:34:03+00:00,Yahoo Finance,market_news,2,2026-07-04T19:15:50Z,"Comcast (CMCSA) Stock Has Fallen 50%, Why Are Analysts Suddenly Turning Bullish On The Stock?",https://finance.yahoo.com/markets/stocks/articles/comcast-cmcsa-stock-fallen-50-191550222.html,,,0.30,candidate
2026-07-06T06:34:03+00:00,Yahoo Finance,market_news,2,2026-07-04T19:03:24Z,U.S. debt is a looming crisis today but was once its own revolutionary masterstroke that helped launch a global financial superpower,https://finance.yahoo.com/economy/articles/u-debt-looming-crisis-today-190324133.html,,,0.30,candidate
2026-07-06T06:34:03+00:00,Yahoo Finance,market_news,2,2026-07-04T19:17:31Z,Why Did General Motors (GM) Just Partner With Micron?,https://finance.yahoo.com/technology/articles/why-did-general-motors-gm-191731528.html,,,0.30,candidate
2026-07-06T06:34:03+00:00,Yahoo Finance,market_news,2,2026-07-05T02:23:19Z,Intuitive Machines (LUNR) Offers Attractive Entry Point Amid Recent Selloff,https://finance.yahoo.com/markets/stocks/articles/intuitive-machines-lunr-offers-attractive-022319955.html,,,0.30,candidate
2026-07-06T06:34:03+00:00,Yahoo Finance,market_news,2,2026-07-05T02:23:30Z,AeroVironment (AVAV) Garners Positive Sentiment Following Latest UGV Launch,https://finance.yahoo.com/technology/articles/aerovironment-avav-garners-positive-sentiment-022330964.html,,,0.30,candidate
2026-07-06T06:34:03+00:00,Yahoo Finance,market_news,2,2026-07-05T02:23:40Z,Truist Maintains Buy Rating for EquipmentShare.com (EQPT),https://finance.yahoo.com/markets/stocks/articles/truist-maintains-buy-rating-equipmentshare-022340524.html,,,0.30,candidate
2026-07-06T06:34:03+00:00,Yahoo Finance,market_news,2,2026-07-05T02:24:05Z,What Makes Kratos (KTOS) an Attractive Industrial Stock,https://finance.yahoo.com/markets/stocks/articles/makes-kratos-ktos-attractive-industrial-022405166.html,,,0.30,candidate
2026-07-06T06:34:03+00:00,Yahoo Finance,market_news,2,2026-07-05T02:24:28Z,Eos Energy Enterprise (EOSE) Commences Commercial Production at New Facility,https://finance.yahoo.com/energy/articles/eos-energy-enterprise-eose-commences-022428572.html,,,0.30,candidate
2026-07-06T06:34:03+00:00,Yahoo Finance,market_news,2,2026-07-05T02:24:39Z,Here is Why Planet Labs (PL) is One of the Best Industrial Stocks to Buy,https://finance.yahoo.com/markets/stocks/articles/why-planet-labs-pl-one-022439347.html,,,0.30,candidate
2026-07-06T06:34:03+00:00,PR Newswire,press_releases,2,2026-07-06T06:21:00+00:00,"Beyoncé lanza su nueva canción, ""Morning Dew (Donk)"", en un evento especial el 4 de julio para sus fans",https://www.prnewswire.com/news-releases/beyonce-lanza-su-nueva-cancion-morning-dew-donk-en-un-evento-especial-el-4-de-julio-para-sus-fans-302818135.html,,,0.30,candidate
2026-07-06T06:34:03+00:00,PR Newswire,press_releases,2,2026-07-06T06:15:00+00:00,"IvyBears überschreitet die Marke von 2,5 Millionen Abonnenten und 40 Millionen Aufrufen und baut sein globales „Kids-&-Family""-Universum aus",https://www.prnewswire.com/news-releases/ivybears-uberschreitet-die-marke-von-2-5-millionen-abonnenten-und-40-millionen-aufrufen-und-baut-sein-globales-kids--family-universum-aus-302817896.html,,,0.30,candidate
2026-07-06T06:34:03+00:00,PR Newswire,press_releases,2,2026-07-06T06:15:00+00:00,"IvyBears dépasse les 2,5 millions d'abonnés et les 40 millions de vues, et continue d'étendre son univers mondial dédié aux enfants et à toute la famille",https://www.prnewswire.com/news-releases/ivybears-depasse-les-2-5-millions-dabonnes-et-les-40-millions-de-vues-et-continue-detendre-son-univers-mondial-dedie-aux-enfants-et-a-toute-la-famille-302817952.html,,,0.30,candidate
2026-07-06T06:34:03+00:00,PR Newswire,press_releases,2,2026-07-06T06:15:00+00:00,"IvyBears supera los 2,5 millones de suscriptores y los 40 millones de visualizaciones",https://www.prnewswire.com/news-releases/ivybears-supera-los-2-5-millones-de-suscriptores-y-los-40-millones-de-visualizaciones-302817885.html,,,0.30,candidate
2026-07-06T06:34:03+00:00,PR Newswire,press_releases,2,2026-07-06T06:15:00+00:00,"IvyBears Surpasses 2.5 Million Subscribers and 40 Million Views, Expanding Its Global Kids & Family Universe",https://www.prnewswire.com/news-releases/ivybears-surpasses-2-5-million-subscribers-and-40-million-views-expanding-its-global-kids--family-universe-302817795.html,,,0.30,candidate
2026-07-06T06:34:03+00:00,PR Newswire,press_releases,2,2026-07-06T06:03:00+00:00,"Configit figure en tant que Sample Vendor dans le Gartner® Hype Cycle™ pour le commerce numérique, 2026",https://www.prnewswire.com/news-releases/configit-figure-en-tant-que-sample-vendor-dans-le-gartner-hype-cycle-pour-le-commerce-numerique-2026-302817213.html,,,0.30,candidate
2026-07-06T06:34:03+00:00,PR Newswire,press_releases,2,2026-07-06T05:49:00+00:00,Les Games of the Future 2026 dévoilent le plateau international de la compétition à Astana,https://www.prnewswire.com/news-releases/les-games-of-the-future-2026-devoilent-le-plateau-international-de-la-competition-a-astana-302818127.html,,,0.30,candidate
2026-07-06T06:34:03+00:00,PR Newswire,press_releases,2,2026-07-06T05:28:00+00:00,Skanska builds rock caverns for the final repository of short-lived radioactive waste in Forsmark for about SEK 1 billion,https://www.prnewswire.com/news-releases/skanska-builds-rock-caverns-for-the-final-repository-of-short-lived-radioactive-waste-in-forsmark-for-about-sek-1-billion-302818120.html,,,0.30,candidate
2026-07-06T06:34:03+00:00,PR Newswire,press_releases,2,2026-07-06T05:00:00+00:00,H.I.G. Capital unterzeichnet bindende Vereinbarung zur Übernahme von TERRAS,https://www.prnewswire.com/news-releases/hig-capital-unterzeichnet-bindende-vereinbarung-zur-ubernahme-von-terras-302817942.html,,,0.30,candidate
2026-07-06T06:34:03+00:00,PR Newswire,press_releases,2,2026-07-06T05:00:00+00:00,H.I.G. Capital tekent definitieve overeenkomst voor de overname van TERRAS,https://www.prnewswire.com/news-releases/hig-capital-tekent-definitieve-overeenkomst-voor-de-overname-van-terras-302817943.html,,,0.30,candidate
2026-07-06T06:34:03+00:00,PR Newswire,press_releases,2,2026-07-06T04:30:00+00:00,"One Destination, Endless Possibilities: Wego and Tourism Malaysia Partner to Inspire MENA Discovery Ahead of Visit Malaysia 2026",https://www.prnewswire.com/news-releases/one-destination-endless-possibilities-wego-and-tourism-malaysia-partner-to-inspire-mena-discovery-ahead-of-visit-malaysia-2026-302817498.html,,,0.30,candidate
2026-07-06T06:34:03+00:00,PR Newswire,press_releases,2,2026-07-06T02:29:00+00:00,Hanon Systems Publishes White Paper on Next-Generation PFAS-Free Natural Refrigerant Technologies,https://www.prnewswire.com/news-releases/hanon-systems-publishes-white-paper-on-next-generation-pfas-free-natural-refrigerant-technologies-302818074.html,,,0.30,candidate
2026-07-06T06:34:03+00:00,PR Newswire,press_releases,2,2026-07-06T02:10:00+00:00,Hanon Systems Publishes White Paper on Next-Generation PFAS-Free Natural Refrigerant Technologies,https://www.prnewswire.com/news-releases/hanon-systems-publishes-white-paper-on-next-generation-pfas-free-natural-refrigerant-technologies-302818069.html,,,0.30,candidate
2026-07-06T06:34:03+00:00,GlobeNewswire Earnings,press_releases,2,2026-07-06T05:30:00+00:00,ING accelerates growth in Private Banking with strategic investment in leading Spanish wealth manager Singular Bank,https://www.globenewswire.com/news-release/2026/07/06/3322141/0/en/ING-accelerates-growth-in-Private-Banking-with-strategic-investment-in-leading-Spanish-wealth-manager-Singular-Bank.html,,,0.30,candidate
2026-07-06T06:34:03+00:00,GlobeNewswire Earnings,press_releases,2,2026-07-03T16:40:00+00:00,"Kraken Robotics schließt strategische Übernahme der Covelya Group Limited ab, erhöht Prognose für 2026 und erweitert Führungsteam",https://www.globenewswire.com/news-release/2026/07/03/3321945/0/de/Kraken-Robotics-schlie%C3%9Ft-strategische-%C3%9Cbernahme-der-Covelya-Group-Limited-ab-erh%C3%B6ht-Prognose-f%C3%BCr-2026-und-erweitert-F%C3%BChrungsteam.html,,,0.30,candidate
2026-07-06T06:34:03+00:00,GlobeNewswire Earnings,press_releases,2,2026-07-03T13:05:00+00:00,Nexans completes the sale of Autoelectric to Motherson,https://www.globenewswire.com/news-release/2026/07/03/3321843/0/en/Nexans-completes-the-sale-of-Autoelectric-to-Motherson.html,,,0.30,candidate
2026-07-06T06:34:03+00:00,GlobeNewswire Earnings,press_releases,2,2026-07-03T13:05:00+00:00,Nexans finalise la cession d’Autoelectric à Motherson,https://www.globenewswire.com/news-release/2026/07/03/3321843/0/fr/Nexans-finalise-la-cession-d-Autoelectric-%C3%A0-Motherson.html,,,0.30,candidate
2026-07-06T06:34:03+00:00,GlobeNewswire Earnings,press_releases,2,2026-07-03T11:47:00+00:00,Form 8.3 - Picton Property Income Limited,https://www.globenewswire.com/news-release/2026/07/03/3321804/0/en/Form-8-3-Picton-Property-Income-Limited.html,,,0.30,candidate
2026-07-06T06:34:03+00:00,GlobeNewswire Earnings,press_releases,2,2026-07-03T11:46:00+00:00,Form 8.3 - LondonMetric Property Plc & Schroder REIT,https://www.globenewswire.com/news-release/2026/07/03/3321803/0/en/Form-8-3-LondonMetric-Property-Plc-Schroder-REIT.html,,,0.30,candidate
2026-07-06T06:34:03+00:00,GlobeNewswire Earnings,press_releases,2,2026-07-03T10:26:00+00:00,Man Group PLC : Form 8.3 - DCC Plc,https://www.globenewswire.com/news-release/2026/07/03/3321768/0/en/Man-Group-PLC-Form-8-3-DCC-Plc.html,,,0.30,candidate
2026-07-06T06:34:03+00:00,GlobeNewswire Earnings,press_releases,2,2026-07-03T10:24:00+00:00,Man Group PLC : Form 8.3 - JTC Plc,https://www.globenewswire.com/news-release/2026/07/03/3321766/0/en/Man-Group-PLC-Form-8-3-JTC-Plc.html,,,0.30,candidate
2026-07-06T06:34:03+00:00,GlobeNewswire Earnings,press_releases,2,2026-07-03T10:23:00+00:00,Man Group PLC : Form 8.3 - Gamma Communications Plc,https://www.globenewswire.com/news-release/2026/07/03/3321765/0/en/Man-Group-PLC-Form-8-3-Gamma-Communications-Plc.html,,,0.30,candidate
2026-07-06T06:34:03+00:00,GlobeNewswire Earnings,press_releases,2,2026-07-03T10:21:00+00:00,Man Group PLC : Form 8.3 - AMG Critical Materials N.V,https://www.globenewswire.com/news-release/2026/07/03/3321764/0/en/Man-Group-PLC-Form-8-3-AMG-Critical-Materials-N-V.html,,,0.30,candidate
2026-07-06T06:34:03+00:00,GlobeNewswire Earnings,press_releases,2,2026-07-03T10:20:00+00:00,Man Group PLC : Form 8.3 - Senior plc,https://www.globenewswire.com/news-release/2026/07/03/3321762/0/en/Man-Group-PLC-Form-8-3-Senior-plc.html,,,0.30,candidate
2026-07-06T06:34:03+00:00,GlobeNewswire Earnings,press_releases,2,2026-07-03T09:55:00+00:00,RENK Group AG stärkt Führungsposition im Marinebereich mit Übernahme von David Brown Defence von Stellex Capital Management,https://www.globenewswire.com/news-release/2026/07/03/3321747/0/de/RENK-Group-AG-st%C3%A4rkt-F%C3%BChrungsposition-im-Marinebereich-mit-%C3%9Cbernahme-von-David-Brown-Defence-von-Stellex-Capital-Management.html,,,0.30,candidate
2026-07-06T06:34:03+00:00,GlobeNewswire Company News,press_releases,2,2026-07-06T06:30:00+00:00,"Combined General Meeting of July 27, 2026 : procedures for making preparatory documents available and for consultation",https://www.globenewswire.com/news-release/2026/07/06/3322159/0/en/Combined-General-Meeting-of-July-27-2026-procedures-for-making-preparatory-documents-available-and-for-consultation.html,,,0.30,candidate
2026-07-06T06:34:03+00:00,GlobeNewswire Company News,press_releases,2,2026-07-06T06:30:00+00:00,Assemblée Générale Mixte du 27 juillet 2026 - Modalités de mise à disposition et de consultation des documents préparatoires,https://www.globenewswire.com/news-release/2026/07/06/3322159/0/fr/Assembl%C3%A9e-G%C3%A9n%C3%A9rale-Mixte-du-27-juillet-2026-Modalit%C3%A9s-de-mise-%C3%A0-disposition-et-de-consultation-des-documents-pr%C3%A9paratoires.html,,,0.30,candidate
2026-07-06T06:34:03+00:00,GlobeNewswire Company News,press_releases,2,2026-07-06T06:30:00+00:00,VINCI wins several multi-year road service contracts in Greater London,https://www.globenewswire.com/news-release/2026/07/06/3322160/0/en/VINCI-wins-several-multi-year-road-service-contracts-in-Greater-London.html,,,0.30,candidate
2026-07-06T06:34:03+00:00,GlobeNewswire Company News,press_releases,2,2026-07-06T06:30:00+00:00,VINCI remporte plusieurs contrats pluriannuels de services routiers dans le Grand Londres,https://www.globenewswire.com/news-release/2026/07/06/3322160/0/fr/VINCI-remporte-plusieurs-contrats-pluriannuels-de-services-routiers-dans-le-Grand-Londres.html,,,0.30,candidate
2026-07-06T06:34:03+00:00,GlobeNewswire Company News,press_releases,2,2026-07-06T06:30:00+00:00,FLSmidth: Transactions under share buy-back programme,https://www.globenewswire.com/news-release/2026/07/06/3322161/0/en/FLSmidth-Transactions-under-share-buy-back-programme.html,,,0.30,candidate
2026-07-06T06:34:03+00:00,GlobeNewswire Company News,press_releases,2,2026-07-06T06:30:00+00:00,Prepayments (CK93) - Nykredit Realkredit A/S,https://www.globenewswire.com/news-release/2026/07/06/3322162/0/en/Prepayments-CK93-Nykredit-Realkredit-A-S.html,,,0.30,candidate
